{
  "$schema": "./node_modules/@angular/cli/lib/config/schema.json",
  "project": {
    "name": "home-my-day"
  },
  "apps": [{
    "root": "src",
    "outDir": "dist",
    "assets": [
      "assets",
      "favicon.ico"
    ],
    "index": "index.html",
    "main": "main.ts",
    "polyfills": "polyfills.ts",
    "test": "test.ts",
    "tsconfig": "tsconfig.app.json",
    "testTsconfig": "tsconfig.spec.json",
    "prefix": "app",
    "styles": [
      "styles.scss",
      "../node_modules/metismenu/dist/metisMenu.min.css",
      "assets/css/sb-admin-2.min.css",
      "../node_modules/morris.js/morris.css"
    ],
    "scripts": [
      "../node_modules/jquery/dist/jquery.slim.js",
      "../node_modules/bootstrap/dist/js/bootstrap.min.js",
      "../node_modules/metismenu/dist/metisMenu.min.js",
      "../node_modules/morris.js/morris.min.js",
      "../node_modules/raphael/raphael.min.js",
      "assets/js/sb-admin-2.min.js"
    ],
    "environmentSource": "environments/environment.ts",
    "environments": {
      "dev": "environments/environment.ts",
      "staging": "environments/environment.staging.ts",
      "prod": "environments/environment.prod.ts"
    }
  }],
  "e2e": {
    "protractor": {
      "config": "./protractor.conf.js"
    }
  },
  "lint": [{
      "project": "src/tsconfig.app.json",
      "exclude": "**/node_modules/**"
    },
    {
      "project": "src/tsconfig.spec.json",
      "exclude": "**/node_modules/**"
    },
    {
      "project": "e2e/tsconfig.e2e.json",
      "exclude": "**/node_modules/**"
    }
  ],
  "test": {
    "karma": {
      "config": "./karma.conf.js"
    }
  },
  "defaults": {
    "styleExt": "scss",
    "class": {
      "spec": false
    },
    "component": {
      "inlineStyle": true,
      "inlineTemplate": true,
      "spec": false
    },
    "directive": {
      "spec": false
    },
    "guard": {
      "spec": false
    },
    "module": {
      "spec": false
    },
    "pipe": {
      "spec": false
    },
    "service": {
      "spec": false
    }
  }
}
